TX_Power_W,Network_Lifetime_s,PDR,Avg_Energy_Consumed_J,Dead_Drones,PacketsGenerated,PacketsDelivered
0.5,181.2,11.491083737270422,200000.0,25,22487,2584
1.0,181.2,19.878151821052164,200000.000141344,25,22487,4470
1.5,181.2,22.555254146840397,200000.000311568,25,22487,5072
2.0,181.2,24.489705162983057,200000.00047891197,25,22487,5507
2.5,181.2,25.299061680081824,200000.0004652,25,22487,5689
